reference	template
A:3:C	A:3:C
A:4:D	A:4:D
A:5:I	A:5:I
A:6:T	A:6:T
A:7:L	A:7:L
A:8:Q	A:8:Q
A:9:E	A:9:E
A:10:I	A:10:I
A:11:I	A:11:I
A:12:K	A:12:K
A:13:T	A:13:T
A:14:L	A:14:L
A:15:N	A:15:N
A:16:S	A:16:S
A:17:L	A:17:L
A:18:T	A:18:T
A:19:E	A:19:E
A:20:Q	A:20:Q
A:21:K	A:21:K
A:22:T	A:22:T
A:23:L	A:23:L
A:24:C	A:24:C
A:25:T	A:25:T
A:26:E	A:26:E
A:27:L	A:27:L
A:28:T	A:28:T
A:29:V	A:29:V
A:30:T	A:30:T
A:31:D	A:31:D
A:32:I	A:32:I
A:33:F	A:33:F
A:34:A	A:34:A
A:35:A	A:35:A
A:36:S	A:36:S
A:37:K	A:37:K
A:38:N	A:38:N
A:39:T	A:39:T
A:40:T	A:40:T
A:41:E	A:41:E
A:42:K	A:42:K
A:43:E	A:43:E
A:44:T	A:44:T
A:45:F	A:45:F
A:46:C	A:46:C
A:47:R	A:47:R
A:48:A	A:48:A
A:49:A	A:49:A
A:50:T	A:50:T
A:51:V	A:51:V
A:52:L	A:52:L
A:53:R	A:53:R
A:54:Q	A:54:Q
A:55:F	A:55:F
A:56:Y	A:56:Y
A:57:S	A:57:S
A:58:H	A:58:H
A:59:H	A:59:H
A:60:E	A:60:E
A:61:K	A:61:K
A:62:D	A:62:D
A:63:T	A:63:T
A:64:R	A:64:R
A:65:C	A:65:C
A:66:L	A:66:L
A:67:G	A:67:G
A:68:A	A:68:A
A:69:T	A:69:T
A:70:A	A:70:A
A:71:Q	A:71:Q
A:72:Q	A:72:Q
A:73:F	A:73:F
A:74:H	A:74:H
A:75:R	A:75:R
A:76:H	A:76:H
A:77:K	A:77:K
A:78:Q	A:78:Q
A:79:L	A:79:L
A:80:I	A:80:I
A:81:R	A:81:R
A:82:F	A:82:F
A:83:L	A:83:L
A:84:K	A:84:K
A:85:R	A:85:R
A:86:L	A:86:L
A:87:D	A:87:D
A:88:R	A:88:R
A:89:N	A:89:N
A:90:L	A:90:L
A:91:W	A:91:W
A:92:G	A:92:G
A:93:L	A:93:L
A:94:A	A:94:A
A:95:G	A:95:G
A:96:L	A:96:L
A:97:N	A:97:N
A:98:S	A:98:S
A:99:C	A:99:C
A:100:P	A:100:P
A:101:V	A:101:V
A:102:K	A:102:K
A:103:E	A:103:E
A:104:A	A:104:A
A:105:N	A:105:N
A:106:Q	A:106:Q
A:107:S	A:107:S
A:108:T	A:108:T
A:109:L	A:109:L
A:110:E	A:110:E
A:111:N	A:111:N
A:112:F	A:112:F
A:113:L	A:113:L
A:114:E	A:114:E
A:115:R	A:115:R
A:116:L	A:116:L
A:117:K	A:117:K
A:118:T	A:118:T
A:119:I	A:119:I
A:120:M	A:120:M
A:121:R	A:121:R
A:122:E	A:122:E
A:123:K	A:123:K
A:124:Y	A:124:Y
A:125:S	A:125:S
A:126:K	A:126:K
A:127:C	A:127:C
A:128:S	A:128:S
B:0:P	B:0:P
B:1:F	B:1:F
B:2:K	B:2:K
B:3:V	B:3:V
B:4:L	B:4:L
B:5:Q	B:5:Q
B:6:E	B:6:E
B:7:P	B:7:P
B:8:T	B:8:T
B:9:C	B:9:C
B:10:V	B:10:V
B:11:S	B:11:S
B:12:D	B:12:D
B:13:Y	B:13:Y
B:14:M	B:14:M
B:15:S	B:15:S
B:16:I	B:16:I
B:17:S	B:17:S
B:18:T	B:18:T
B:19:C	B:19:C
B:20:E	B:20:E
B:21:W	B:21:W
B:22:K	B:22:K
B:23:M	B:23:M
B:24:N	B:24:N
B:25:G	B:25:G
B:26:P	B:26:P
B:27:T	B:27:T
B:28:Q	B:28:Q
B:29:C	B:29:C
B:30:S	B:30:S
B:31:T	B:31:T
B:32:E	B:32:E
B:33:L	B:33:L
B:34:R	B:34:R
B:35:L	B:35:L
B:36:L	B:36:L
B:37:Y	B:37:Y
B:38:Q	B:38:Q
B:39:L	B:39:L
B:40:V	B:40:V
B:41:F	B:41:F
B:42:L	B:42:L
B:43:L	B:43:L
B:44:S	B:44:S
B:45:E	B:45:E
B:46:A	B:46:A
B:47:H	B:47:H
B:48:T	B:48:T
B:49:C	B:49:C
B:50:I	B:50:I
B:51:P	B:51:P
B:52:E	B:52:E
B:53:N	B:53:N
B:54:N	B:54:N
B:55:G	B:55:G
B:56:G	B:56:G
B:57:A	B:57:A
B:58:G	B:58:G
B:59:C	B:59:C
B:60:V	B:60:V
B:61:C	B:61:C
B:62:H	B:62:H
B:63:L	B:63:L
B:64:L	B:64:L
B:65:M	B:65:M
B:66:D	B:66:D
B:67:D	B:67:D
B:68:V	B:68:V
B:69:V	B:69:V
B:70:S	B:70:S
B:71:A	B:71:A
B:72:D	B:72:D
B:73:Q	B:73:Q
B:74:Y	B:74:Y
B:75:T	B:75:T
B:76:L	B:76:L
B:77:D	B:77:D
B:78:L	B:78:L
B:79:W	B:79:W
B:80:A	B:80:A
B:81:G	B:81:G
B:82:Q	B:82:Q
B:83:Q	B:83:Q
B:84:L	B:84:L
B:85:L	B:85:L
B:86:W	B:86:W
B:87:K	B:87:K
B:88:G	B:88:G
B:89:S	B:89:S
B:90:F	B:90:F
B:91:K	B:91:K
B:92:P	B:92:P
B:93:S	B:93:S
B:94:E	B:94:E
B:95:H	B:95:H
B:96:V	B:96:V
B:97:K	B:97:K
B:98:P	B:98:P
B:99:R	B:99:R
B:100:A	B:100:A
B:101:P	B:101:P
B:102:G	B:102:G
B:103:N	B:103:N
B:104:L	B:104:L
B:105:T	B:105:T
B:106:V	B:106:V
B:107:H	B:107:H
B:108:T	B:108:T
B:109:Q	B:109:Q
B:110:V	B:110:V
B:111:S	B:111:S
B:112:D	B:112:D
B:113:T	B:113:T
B:114:L	B:114:L
B:115:L	B:115:L
B:116:L	B:116:L
B:117:T	B:117:T
B:118:W	B:118:W
B:119:S	B:119:S
B:120:N	B:120:N
B:121:P	B:121:P
B:122:Y	B:122:Y
B:123:P	B:123:P
B:124:P	B:124:P
B:125:D	B:125:D
B:126:N	B:126:N
B:127:Y	B:127:Y
B:128:L	B:128:L
B:129:Y	B:129:Y
B:130:N	B:130:N
B:131:H	B:131:H
B:132:L	B:132:L
B:133:T	B:133:T
B:134:Y	B:134:Y
B:135:A	B:135:A
B:136:V	B:136:V
B:137:N	B:137:N
B:138:I	B:138:I
B:139:W	B:139:W
B:140:S	B:140:S
B:141:E	B:141:E
B:142:N	B:142:N
B:143:D	B:143:D
B:144:P	B:144:P
B:145:A	B:145:A
B:146:D	B:146:D
B:147:F	B:147:F
B:148:R	B:148:R
B:149:I	B:149:I
B:150:Y	B:150:Y
B:151:Q	B:151:Q
B:152:V	B:152:V
B:153:T	B:153:T
B:154:Y	B:154:Y
B:155:L	B:155:L
B:156:E	B:156:E
B:157:P	B:157:P
B:158:S	B:158:S
B:159:L	B:159:L
B:160:R	B:160:R
B:161:I	B:161:I
B:162:A	B:162:A
B:163:A	B:163:A
B:164:S	B:164:S
B:165:T	B:165:T
B:166:L	B:166:L
B:167:K	B:167:K
B:168:S	B:168:S
B:169:G	B:169:G
B:170:I	B:170:I
B:171:S	B:171:S
B:172:Y	B:172:Y
B:173:R	B:173:R
B:174:A	B:174:A
B:175:R	B:175:R
B:176:V	B:176:V
B:177:R	B:177:R
B:178:A	B:178:A
B:179:W	B:179:W
B:180:A	B:180:A
B:181:Q	B:181:Q
B:182:C	B:182:C
B:183:Y	B:183:Y
B:184:N	B:184:N
B:185:T	B:185:T
B:186:T	B:186:T
B:187:W	B:187:W
B:188:S	B:188:S
B:189:E	B:189:E
B:190:W	B:190:W
B:191:S	B:191:S
B:192:P	B:192:P
B:193:S	B:193:S
B:194:T	B:194:T
B:195:K	B:195:K
B:196:W	B:196:W
B:197:H	B:197:H
B:198:N	B:198:N
C:30:E	C:30:E
C:31:T	C:31:T
C:32:Q	C:32:Q
C:33:P	C:33:P
C:34:P	C:34:P
C:35:V	C:35:V
C:36:T	C:36:T
C:37:N	C:37:N
C:38:L	C:38:L
C:39:S	C:39:S
C:40:V	C:40:V
C:41:S	C:41:S
C:42:V	C:42:V
C:43:E	C:43:E
C:44:N	C:44:N
C:45:L	C:45:L
C:46:C	C:46:C
C:47:T	C:47:T
C:48:V	C:48:V
C:49:I	C:49:I
C:50:W	C:50:W
C:51:T	C:51:T
C:52:W	C:52:W
C:53:N	C:53:N
C:54:P	C:54:P
C:55:P	C:55:P
C:56:E	C:56:E
C:57:G	C:57:G
C:58:A	C:58:A
C:59:S	C:59:S
C:60:S	C:60:S
C:61:N	C:61:N
C:62:C	C:62:C
C:63:S	C:63:S
C:64:L	C:64:L
C:65:W	C:65:W
C:66:Y	C:66:Y
C:67:F	C:67:F
C:68:S	C:68:S
C:69:H	C:69:H
C:70:F	C:70:F
C:71:G	C:71:G
C:72:D	C:72:D
C:73:K	C:73:K
C:74:Q	C:74:Q
C:75:D	C:75:D
C:76:K	C:76:K
C:77:K	C:77:K
C:78:I	C:78:I
C:79:A	C:79:A
C:80:P	C:80:P
C:81:E	C:81:E
C:82:T	C:82:T
C:83:R	C:83:R
C:84:R	C:84:R
C:85:S	C:85:S
C:86:I	C:86:I
C:87:E	C:87:E
C:88:V	C:88:V
C:89:P	C:89:P
C:90:L	C:90:L
C:91:N	C:91:N
C:92:E	C:92:E
C:93:R	C:93:R
C:94:I	C:94:I
C:95:C	C:95:C
C:96:L	C:96:L
C:97:Q	C:97:Q
C:98:V	C:98:V
C:99:G	C:99:G
C:100:S	C:100:S
C:101:Q	C:101:Q
C:102:C	C:102:C
C:103:S	C:103:S
C:104:T	C:104:T
C:105:N	C:105:N
C:106:E	C:106:E
C:107:S	C:107:S
C:108:E	C:108:E
C:109:K	C:109:K
C:110:P	C:110:P
C:111:S	C:111:S
C:112:I	C:112:I
C:113:L	C:113:L
C:114:V	C:114:V
C:115:E	C:115:E
C:116:K	C:116:K
C:117:C	C:117:C
C:118:I	C:118:I
C:119:S	C:119:S
C:120:P	C:120:P
C:121:P	C:121:P
C:122:E	C:122:E
C:123:G	C:123:G
C:124:D	C:124:D
C:125:P	C:125:P
C:126:E	C:126:E
C:127:S	C:127:S
C:128:A	C:128:A
C:129:V	C:129:V
C:130:T	C:130:T
C:131:E	C:131:E
C:132:L	C:132:L
C:133:Q	C:133:Q
C:134:C	C:134:C
C:135:I	C:135:I
C:136:W	C:136:W
C:137:H	C:137:H
C:138:N	C:138:N
C:139:L	C:139:L
C:140:S	C:140:S
C:141:Y	C:141:Y
C:142:M	C:142:M
C:143:K	C:143:K
C:144:C	C:144:C
C:145:S	C:145:S
C:146:W	C:146:W
C:147:L	C:147:L
C:148:P	C:148:P
C:149:G	C:149:G
C:150:R	C:150:R
C:151:N	C:151:N
C:152:T	C:152:T
C:153:S	C:153:S
C:154:P	C:154:P
C:155:D	C:155:D
C:156:T	C:156:T
C:157:N	C:157:N
C:158:Y	C:158:Y
C:159:T	C:159:T
C:160:L	C:160:L
C:161:Y	C:161:Y
C:162:Y	C:162:Y
C:163:W	C:163:W
C:164:H	C:164:H
C:165:R	C:165:R
C:166:S	C:166:S
C:167:L	C:167:L
C:168:E	C:168:E
C:169:K	C:169:K
C:170:I	C:170:I
C:171:H	C:171:H
C:172:Q	C:172:Q
C:173:C	C:173:C
C:174:E	C:174:E
C:175:N	C:175:N
C:176:I	C:176:I
C:177:F	C:177:F
C:178:R	C:178:R
C:179:E	C:179:E
C:180:G	C:180:G
C:181:Q	C:181:Q
C:182:Y	C:182:Y
C:183:F	C:183:F
C:184:G	C:184:G
C:185:C	C:185:C
C:186:S	C:186:S
C:187:F	C:187:F
C:188:D	C:188:D
C:189:L	C:189:L
C:190:T	C:190:T
C:191:K	C:191:K
C:192:V	C:192:V
C:199:Q	C:199:Q
C:200:H	C:200:H
C:201:S	C:201:S
C:202:V	C:202:V
C:203:Q	C:203:Q
C:204:I	C:204:I
C:205:M	C:205:M
C:206:V	C:206:V
C:207:K	C:207:K
C:208:D	C:208:D
C:209:N	C:209:N
C:210:A	C:210:A
C:211:G	C:211:G
C:212:K	C:212:K
C:213:I	C:213:I
C:214:K	C:214:K
C:215:P	C:215:P
C:216:S	C:216:S
C:217:F	C:217:F
C:218:N	C:218:N
C:219:I	C:219:I
C:220:V	C:220:V
C:221:P	C:221:P
C:222:L	C:222:L
C:223:T	C:223:T
C:224:S	C:224:S
C:225:R	C:225:R
C:226:V	C:226:V
C:227:K	C:227:K
C:228:P	C:228:P
C:229:D	C:229:D
C:230:P	C:230:P
C:231:P	C:231:P
C:232:H	C:232:H
C:233:I	C:233:I
C:234:K	C:234:K
C:235:N	C:235:N
C:236:L	C:236:L
C:237:S	C:237:S
C:238:F	C:238:F
C:239:H	C:239:H
C:240:N	C:240:N
C:241:D	C:241:D
C:242:D	C:242:D
C:243:L	C:243:L
C:244:Y	C:244:Y
C:245:V	C:245:V
C:246:Q	C:246:Q
C:247:W	C:247:W
C:248:E	C:248:E
C:249:N	C:249:N
C:250:P	C:250:P
C:251:Q	C:251:Q
C:252:N	C:252:N
C:253:F	C:253:F
C:254:I	C:254:I
C:255:S	C:255:S
C:256:R	C:256:R
C:257:C	C:257:C
C:258:L	C:258:L
C:259:F	C:259:F
C:260:Y	C:260:Y
C:261:E	C:261:E
C:262:V	C:262:V
C:263:E	C:263:E
C:264:V	C:264:V
C:265:N	C:265:N
C:266:N	C:266:N
C:267:S	C:267:S
C:268:Q	C:268:Q
C:269:T	C:269:T
C:270:E	C:270:E
C:271:T	C:271:T
C:272:H	C:272:H
C:273:N	C:273:N
C:274:V	C:274:V
C:275:F	C:275:F
C:276:Y	C:276:Y
C:277:V	C:277:V
C:278:Q	C:278:Q
C:279:E	C:279:E
C:280:A	C:280:A
C:281:K	C:281:K
C:282:C	C:282:C
C:283:E	C:283:E
C:292:E	C:292:E
C:293:N	C:293:N
C:294:T	C:294:T
C:295:S	C:295:S
C:296:C	C:296:C
C:297:F	C:297:F
C:298:M	C:298:M
C:299:V	C:299:V
C:300:P	C:300:P
C:301:G	C:301:G
C:302:V	C:302:V
C:303:L	C:303:L
C:304:P	C:304:P
C:305:D	C:305:D
C:306:T	C:306:T
C:307:L	C:307:L
C:308:N	C:308:N
C:309:T	C:309:T
C:310:V	C:310:V
C:311:R	C:311:R
C:312:I	C:312:I
C:313:R	C:313:R
C:314:V	C:314:V
C:315:K	C:315:K
C:316:T	C:316:T
C:317:N	C:317:N
C:318:K	C:318:K
C:319:L	C:319:L
C:320:C	C:320:C
C:321:Y	C:321:Y
C:322:E	C:322:E
C:323:D	C:323:D
C:324:D	C:324:D
C:325:K	C:325:K
C:326:L	C:326:L
C:327:W	C:327:W
C:328:S	C:328:S
C:329:N	C:329:N
C:330:W	C:330:W
C:331:S	C:331:S
C:332:Q	C:332:Q
C:333:E	C:333:E
C:334:M	C:334:M
C:335:S	C:335:S
C:336:I	C:336:I
C:337:G	C:337:G
C:338:K	C:338:K
